X1,X2,X3,X4,X5,X6,X7,X8,X9,X10,C
AA,Aa,AA,Aa,AA,AA,Aa,Aa,AA,AA,0
aa,AA,AA,aa,AA,Aa,Aa,AA,AA,AA,0
Aa,Aa,AA,Aa,aa,AA,aa,Aa,AA,AA,0
AA,Aa,AA,Aa,AA,AA,Aa,Aa,AA,AA,0
aa,AA,AA,Aa,AA,AA,Aa,Aa,AA,AA,0
Aa,Aa,AA,AA,AA,AA,Aa,aa,AA,AA,1
AA,Aa,AA,Aa,AA,AA,Aa,aa,AA,AA,1
AA,Aa,AA,AA,Aa,AA,Aa,AA,AA,AA,0
aa,AA,AA,Aa,AA,AA,Aa,Aa,AA,AA,0
aa,AA,Aa,Aa,AA,AA,Aa,Aa,AA,AA,0
aa,AA,Aa,Aa,Aa,AA,Aa,Aa,AA,AA,0
aa,AA,AA,aa,Aa,AA,Aa,aa,AA,AA,0
aa,AA,AA,aa,AA,AA,aa,aa,AA,AA,0
aa,AA,AA,Aa,AA,AA,AA,Aa,AA,AA,0
Aa,AA,Aa,Aa,AA,AA,aa,aa,AA,AA,0
Aa,AA,AA,aa,AA,AA,Aa,AA,AA,AA,0
Aa,AA,AA,Aa,AA,AA,AA,Aa,AA,AA,0
Aa,AA,AA,Aa,Aa,AA,Aa,Aa,AA,AA,0
AA,Aa,AA,aa,AA,AA,Aa,AA,AA,AA,0
Aa,AA,AA,aa,AA,AA,AA,Aa,AA,AA,0
Aa,AA,AA,Aa,AA,AA,AA,Aa,AA,AA,0
Aa,Aa,AA,AA,AA,AA,Aa,Aa,AA,AA,0
aa,AA,AA,Aa,Aa,AA,AA,Aa,AA,AA,1
AA,AA,AA,aa,AA,AA,aa,aa,AA,AA,0
Aa,Aa,AA,aa,AA,AA,AA,aa,AA,AA,0
Aa,AA,AA,aa,AA,AA,Aa,Aa,AA,AA,0
aa,AA,Aa,AA,Aa,Aa,aa,Aa,AA,AA,1
aa,Aa,AA,aa,aa,Aa,aa,Aa,AA,AA,1
Aa,AA,AA,Aa,Aa,AA,AA,AA,AA,AA,0
Aa,aa,AA,Aa,AA,AA,Aa,Aa,AA,AA,0
Aa,AA,AA,Aa,AA,AA,Aa,Aa,AA,AA,0
AA,AA,AA,Aa,AA,AA,Aa,aa,AA,AA,0
Aa,AA,AA,aa,AA,AA,aa,aa,AA,AA,0
aa,AA,Aa,aa,aa,AA,aa,AA,AA,AA,0
aa,AA,AA,Aa,AA,AA,Aa,Aa,AA,AA,0
AA,Aa,AA,aa,aa,Aa,AA,AA,AA,AA,0
Aa,AA,AA,aa,Aa,AA,aa,AA,AA,AA,0
AA,Aa,AA,aa,AA,Aa,AA,Aa,AA,AA,0
AA,AA,AA,Aa,Aa,AA,aa,AA,AA,AA,0
AA,AA,AA,aa,Aa,AA,AA,AA,AA,AA,0
Aa,AA,AA,aa,AA,AA,aa,aa,AA,AA,0
Aa,AA,Aa,AA,AA,Aa,Aa,Aa,AA,AA,0
Aa,AA,AA,AA,AA,Aa,Aa,Aa,AA,AA,0
Aa,AA,AA,aa,Aa,AA,AA,AA,AA,AA,0
AA,AA,AA,Aa,Aa,Aa,Aa,aa,AA,AA,0
AA,AA,Aa,Aa,Aa,AA,Aa,AA,AA,AA,0
AA,Aa,AA,Aa,AA,AA,Aa,Aa,AA,AA,0
Aa,Aa,Aa,AA,AA,AA,Aa,aa,AA,AA,0
AA,Aa,AA,AA,AA,Aa,Aa,AA,AA,AA,0
AA,AA,AA,AA,AA,AA,aa,Aa,AA,AA,1
AA,AA,Aa,AA,AA,AA,AA,AA,AA,AA,0
aa,aa,AA,Aa,AA,Aa,Aa,aa,AA,AA,0
aa,AA,AA,Aa,AA,AA,Aa,aa,AA,AA,0
AA,AA,AA,aa,AA,AA,Aa,AA,AA,AA,1
Aa,AA,AA,Aa,Aa,AA,aa,AA,AA,AA,0
Aa,AA,AA,Aa,AA,Aa,AA,AA,AA,AA,0
AA,Aa,Aa,Aa,AA,AA,aa,Aa,AA,AA,1
Aa,Aa,AA,Aa,Aa,AA,AA,Aa,AA,AA,1
Aa,AA,AA,aa,Aa,AA,aa,Aa,AA,AA,0
Aa,AA,AA,Aa,AA,AA,Aa,AA,AA,AA,0
Aa,AA,AA,Aa,Aa,AA,aa,Aa,AA,AA,0
Aa,Aa,AA,Aa,AA,Aa,Aa,AA,AA,AA,0
Aa,AA,AA,aa,Aa,AA,Aa,Aa,AA,AA,0
aa,AA,AA,Aa,AA,AA,aa,aa,AA,AA,0
Aa,AA,AA,AA,AA,Aa,AA,aa,AA,AA,0
aa,AA,AA,aa,AA,AA,AA,AA,AA,AA,0
Aa,AA,AA,Aa,AA,AA,Aa,aa,AA,AA,0
Aa,AA,AA,Aa,AA,AA,aa,aa,AA,AA,0
AA,AA,AA,AA,AA,Aa,aa,AA,AA,AA,0
Aa,AA,AA,Aa,AA,AA,AA,Aa,AA,AA,0
aa,AA,Aa,Aa,AA,AA,AA,aa,AA,AA,0
AA,AA,AA,aa,AA,AA,Aa,Aa,AA,AA,0
AA,Aa,Aa,AA,Aa,AA,aa,AA,AA,AA,0
AA,AA,AA,Aa,aa,AA,AA,aa,AA,AA,0
AA,Aa,AA,Aa,Aa,AA,aa,Aa,AA,AA,0
AA,AA,AA,Aa,AA,AA,AA,Aa,AA,AA,0
Aa,AA,Aa,AA,AA,AA,Aa,Aa,AA,AA,0
Aa,Aa,AA,AA,AA,AA,AA,Aa,AA,AA,0
Aa,AA,AA,Aa,AA,AA,Aa,Aa,AA,AA,0
aa,Aa,AA,aa,AA,Aa,aa,Aa,AA,AA,0
Aa,AA,AA,aa,Aa,AA,Aa,aa,AA,AA,0
aa,Aa,AA,AA,AA,AA,Aa,Aa,AA,AA,0
AA,AA,AA,Aa,AA,Aa,AA,Aa,AA,AA,0
Aa,AA,AA,Aa,Aa,AA,Aa,AA,AA,AA,0
Aa,Aa,AA,aa,Aa,AA,Aa,AA,AA,AA,0
Aa,AA,AA,Aa,AA,AA,aa,aa,AA,AA,0
Aa,Aa,AA,AA,AA,AA,aa,Aa,AA,AA,0
AA,aa,AA,Aa,AA,AA,aa,Aa,AA,AA,1
aa,AA,Aa,aa,AA,AA,AA,AA,AA,AA,0
Aa,Aa,Aa,AA,AA,Aa,AA,Aa,AA,AA,0
Aa,aa,AA,Aa,AA,AA,Aa,AA,AA,AA,1
AA,aa,AA,Aa,AA,Aa,AA,Aa,AA,AA,0
AA,AA,AA,Aa,aa,Aa,Aa,Aa,AA,AA,0
aa,AA,AA,AA,AA,AA,Aa,Aa,AA,AA,0
aa,AA,Aa,Aa,AA,AA,Aa,Aa,AA,AA,0
Aa,Aa,AA,Aa,AA,AA,aa,aa,AA,AA,0
Aa,Aa,AA,aa,AA,AA,Aa,AA,AA,AA,0
aa,AA,AA,AA,aa,AA,Aa,AA,AA,AA,0
AA,Aa,AA,Aa,AA,AA,Aa,aa,AA,AA,0
Aa,AA,Aa,Aa,AA,Aa,Aa,Aa,AA,AA,0
aa,AA,AA,AA,AA,AA,Aa,Aa,AA,AA,0
Aa,AA,AA,Aa,Aa,AA,aa,Aa,AA,AA,0
AA,Aa,AA,AA,AA,AA,aa,AA,AA,AA,0
Aa,AA,AA,aa,AA,AA,Aa,Aa,AA,AA,0
aa,AA,Aa,Aa,AA,AA,aa,Aa,AA,AA,0
AA,Aa,AA,Aa,AA,Aa,Aa,aa,AA,AA,0
AA,Aa,AA,Aa,AA,AA,AA,Aa,AA,AA,0
aa,aa,AA,Aa,AA,AA,aa,AA,AA,AA,0
Aa,AA,AA,AA,Aa,AA,Aa,Aa,AA,AA,0
Aa,Aa,AA,aa,Aa,AA,Aa,aa,AA,AA,0
aa,Aa,AA,AA,AA,AA,Aa,Aa,AA,AA,0
aa,Aa,AA,Aa,Aa,AA,AA,Aa,AA,AA,0
Aa,AA,Aa,aa,AA,Aa,Aa,aa,AA,AA,0
AA,Aa,AA,aa,AA,Aa,AA,Aa,AA,AA,0
Aa,AA,AA,AA,Aa,Aa,Aa,aa,AA,AA,0
aa,AA,AA,Aa,Aa,AA,AA,Aa,AA,AA,0
Aa,AA,AA,Aa,AA,AA,Aa,AA,AA,AA,0
Aa,aa,AA,AA,Aa,AA,Aa,aa,AA,AA,0
Aa,AA,AA,aa,AA,Aa,Aa,aa,AA,AA,0
Aa,Aa,AA,Aa,AA,AA,AA,Aa,AA,AA,0
AA,Aa,AA,Aa,AA,AA,Aa,aa,AA,AA,0
aa,AA,AA,aa,Aa,AA,aa,Aa,AA,AA,0
Aa,AA,AA,Aa,aa,AA,Aa,Aa,AA,AA,0
Aa,Aa,AA,aa,AA,Aa,AA,AA,AA,AA,0
Aa,Aa,AA,aa,AA,AA,aa,Aa,AA,AA,0
AA,AA,Aa,aa,AA,Aa,Aa,Aa,AA,AA,0
Aa,Aa,AA,Aa,aa,AA,Aa,Aa,AA,AA,0
AA,AA,Aa,Aa,AA,AA,Aa,Aa,AA,AA,0
aa,AA,Aa,aa,AA,AA,Aa,aa,AA,AA,0
aa,Aa,AA,Aa,Aa,Aa,AA,AA,AA,AA,0
AA,Aa,AA,Aa,AA,AA,Aa,Aa,AA,AA,0
AA,AA,AA,Aa,AA,AA,aa,Aa,AA,AA,1
AA,aa,AA,AA,Aa,AA,AA,aa,AA,AA,0
aa,AA,AA,aa,AA,AA,aa,aa,AA,AA,0
Aa,AA,AA,Aa,Aa,AA,Aa,Aa,AA,AA,0
AA,Aa,Aa,aa,AA,AA,AA,aa,AA,AA,0
Aa,Aa,Aa,Aa,Aa,AA,Aa,Aa,AA,AA,0
aa,AA,AA,AA,AA,AA,aa,Aa,AA,AA,0
aa,AA,AA,Aa,Aa,AA,AA,Aa,AA,AA,0
Aa,Aa,AA,Aa,Aa,Aa,aa,Aa,AA,AA,0
Aa,AA,AA,AA,aa,AA,AA,AA,AA,AA,0
Aa,AA,Aa,aa,AA,AA,Aa,Aa,AA,AA,0
AA,AA,AA,Aa,Aa,AA,Aa,AA,AA,AA,0
Aa,AA,AA,Aa,AA,Aa,Aa,Aa,AA,AA,0
Aa,Aa,Aa,Aa,Aa,Aa,Aa,aa,AA,AA,0
AA,Aa,AA,Aa,AA,AA,aa,Aa,AA,AA,0
aa,Aa,AA,aa,Aa,AA,aa,AA,AA,AA,0
aa,AA,AA,AA,Aa,AA,Aa,Aa,AA,AA,0
Aa,Aa,AA,aa,Aa,AA,aa,AA,AA,AA,0
Aa,aa,AA,Aa,AA,AA,AA,AA,AA,AA,0
AA,Aa,AA,Aa,AA,AA,Aa,aa,AA,AA,0
aa,AA,AA,aa,Aa,AA,aa,AA,AA,AA,0
Aa,AA,AA,Aa,aa,AA,Aa,aa,AA,AA,0
aa,Aa,AA,Aa,AA,Aa,AA,Aa,AA,AA,0
aa,Aa,AA,Aa,AA,AA,aa,Aa,AA,AA,0
aa,AA,AA,Aa,AA,AA,aa,Aa,AA,AA,0
Aa,AA,Aa,aa,AA,Aa,Aa,aa,AA,AA,0
Aa,AA,AA,aa,Aa,AA,AA,Aa,AA,AA,0
aa,AA,Aa,Aa,Aa,Aa,aa,Aa,AA,AA,0
aa,AA,AA,Aa,AA,AA,Aa,aa,AA,AA,0
Aa,Aa,Aa,AA,AA,AA,Aa,AA,AA,AA,0
AA,AA,AA,Aa,Aa,AA,Aa,aa,AA,AA,0
AA,AA,AA,Aa,AA,AA,AA,Aa,AA,AA,0
Aa,Aa,AA,Aa,AA,AA,Aa,AA,AA,AA,0
aa,AA,AA,Aa,aa,AA,aa,Aa,AA,AA,0
Aa,Aa,AA,Aa,AA,Aa,aa,Aa,AA,AA,0
Aa,AA,AA,aa,Aa,AA,Aa,aa,AA,AA,0
AA,AA,AA,AA,Aa,AA,Aa,AA,AA,AA,0
aa,Aa,AA,Aa,Aa,AA,Aa,aa,AA,AA,0
AA,Aa,Aa,aa,AA,AA,Aa,AA,AA,AA,0
AA,Aa,Aa,Aa,Aa,AA,AA,Aa,AA,AA,0
aa,AA,AA,Aa,Aa,AA,aa,AA,AA,AA,0
Aa,AA,Aa,Aa,AA,AA,AA,AA,AA,AA,0
Aa,AA,Aa,Aa,Aa,AA,Aa,aa,AA,AA,1
Aa,Aa,AA,aa,AA,Aa,Aa,AA,AA,AA,0
AA,AA,AA,aa,AA,AA,AA,aa,AA,AA,0
Aa,Aa,AA,aa,aa,Aa,Aa,aa,AA,AA,0
Aa,Aa,Aa,aa,Aa,AA,Aa,aa,AA,AA,0
aa,Aa,AA,aa,Aa,AA,Aa,Aa,AA,AA,0
AA,Aa,AA,AA,AA,AA,Aa,aa,AA,AA,0
Aa,aa,AA,aa,aa,AA,Aa,AA,AA,AA,0
AA,Aa,AA,aa,Aa,AA,aa,AA,AA,AA,0
aa,AA,AA,Aa,AA,AA,Aa,Aa,AA,AA,0
AA,Aa,AA,Aa,AA,AA,Aa,aa,AA,AA,0
Aa,AA,AA,Aa,AA,AA,Aa,aa,AA,AA,0
aa,Aa,AA,AA,aa,AA,aa,AA,AA,AA,0
AA,Aa,AA,Aa,Aa,AA,Aa,aa,AA,AA,0
AA,AA,AA,Aa,AA,AA,AA,aa,AA,AA,0
AA,AA,Aa,Aa,AA,AA,AA,Aa,AA,AA,0
Aa,AA,AA,Aa,AA,AA,Aa,Aa,AA,AA,0
Aa,Aa,AA,aa,AA,AA,Aa,aa,AA,AA,0
AA,AA,AA,aa,AA,AA,Aa,aa,AA,AA,0
Aa,Aa,AA,Aa,AA,AA,Aa,AA,AA,AA,1
Aa,Aa,AA,aa,Aa,AA,AA,Aa,AA,AA,0
aa,AA,AA,Aa,Aa,Aa,aa,AA,AA,AA,0
Aa,AA,AA,aa,Aa,AA,aa,Aa,AA,AA,0
aa,AA,AA,aa,AA,AA,aa,Aa,AA,AA,0
Aa,Aa,Aa,Aa,AA,AA,Aa,Aa,AA,AA,0
Aa,Aa,Aa,AA,Aa,AA,Aa,aa,AA,AA,0
Aa,AA,AA,Aa,AA,AA,aa,Aa,AA,AA,0
aa,AA,AA,aa,AA,AA,AA,Aa,AA,AA,1
Aa,Aa,AA,aa,AA,AA,aa,AA,AA,AA,0
Aa,AA,Aa,Aa,AA,AA,aa,Aa,AA,AA,0
AA,Aa,Aa,Aa,AA,AA,Aa,AA,AA,AA,0
AA,aa,Aa,Aa,AA,AA,AA,AA,AA,AA,0
AA,AA,AA,aa,Aa,AA,Aa,Aa,AA,AA,0
aa,AA,AA,Aa,Aa,AA,aa,Aa,AA,AA,0
AA,Aa,Aa,Aa,AA,AA,AA,AA,AA,AA,0
AA,AA,AA,aa,AA,AA,aa,Aa,AA,AA,0
Aa,AA,AA,Aa,AA,aa,Aa,AA,AA,AA,0
Aa,AA,Aa,AA,AA,AA,Aa,Aa,AA,AA,0
aa,Aa,Aa,AA,AA,Aa,Aa,Aa,AA,AA,0
Aa,Aa,Aa,aa,AA,AA,aa,aa,AA,AA,0
AA,AA,AA,Aa,AA,AA,Aa,Aa,AA,AA,0
aa,AA,AA,Aa,AA,AA,Aa,Aa,AA,AA,0
AA,Aa,Aa,Aa,AA,AA,Aa,aa,AA,AA,1
Aa,AA,AA,AA,AA,AA,Aa,aa,AA,AA,1
Aa,AA,AA,Aa,Aa,Aa,Aa,aa,AA,AA,1
Aa,AA,Aa,aa,AA,Aa,Aa,aa,AA,AA,1
aa,Aa,AA,AA,Aa,AA,Aa,aa,AA,AA,1
Aa,AA,AA,aa,AA,AA,Aa,aa,AA,AA,1
Aa,AA,AA,AA,Aa,AA,AA,Aa,AA,AA,1
Aa,AA,AA,Aa,AA,AA,Aa,AA,AA,AA,1
AA,AA,Aa,Aa,aa,AA,aa,Aa,AA,AA,1
Aa,AA,AA,aa,Aa,AA,Aa,AA,AA,AA,1
Aa,AA,AA,Aa,AA,AA,Aa,aa,AA,AA,1
Aa,AA,AA,AA,Aa,AA,Aa,aa,AA,AA,1
AA,AA,Aa,AA,Aa,Aa,AA,Aa,AA,AA,1
aa,AA,Aa,AA,AA,AA,AA,Aa,AA,AA,1
Aa,AA,AA,AA,Aa,AA,Aa,AA,AA,AA,1
Aa,Aa,AA,AA,Aa,AA,AA,Aa,AA,AA,1
AA,AA,AA,AA,AA,AA,AA,Aa,AA,AA,1
aa,AA,AA,aa,aa,AA,AA,Aa,AA,AA,1
Aa,aa,AA,aa,AA,AA,Aa,aa,AA,AA,1
Aa,AA,AA,aa,AA,AA,aa,Aa,AA,AA,1
aa,AA,Aa,AA,aa,Aa,AA,Aa,AA,AA,1
Aa,AA,AA,Aa,Aa,AA,AA,Aa,AA,AA,1
Aa,Aa,AA,Aa,Aa,AA,Aa,AA,AA,AA,1
aa,AA,AA,Aa,Aa,Aa,Aa,aa,AA,AA,1
Aa,Aa,AA,aa,AA,AA,Aa,aa,AA,AA,1
AA,AA,AA,Aa,Aa,AA,aa,Aa,AA,AA,1
AA,AA,AA,AA,aa,AA,AA,Aa,AA,AA,1
Aa,Aa,Aa,Aa,aa,AA,Aa,AA,AA,AA,1
Aa,AA,Aa,aa,Aa,AA,Aa,AA,AA,AA,1
AA,Aa,AA,aa,AA,AA,Aa,aa,AA,AA,1
Aa,Aa,AA,Aa,Aa,AA,aa,Aa,AA,AA,1
Aa,Aa,AA,AA,AA,AA,Aa,aa,AA,AA,1
aa,AA,AA,aa,AA,AA,aa,Aa,AA,AA,1
AA,Aa,AA,aa,AA,AA,AA,Aa,AA,AA,1
Aa,Aa,AA,Aa,AA,Aa,AA,Aa,AA,AA,1
Aa,Aa,AA,aa,AA,AA,AA,Aa,AA,AA,1
Aa,AA,aa,Aa,Aa,Aa,Aa,aa,AA,AA,1
AA,AA,AA,aa,AA,AA,Aa,AA,AA,AA,1
Aa,AA,Aa,AA,Aa,Aa,aa,Aa,AA,AA,1
aa,AA,AA,AA,AA,Aa,Aa,AA,AA,AA,1
aa,Aa,AA,Aa,Aa,AA,Aa,AA,AA,AA,1
Aa,AA,AA,aa,Aa,AA,Aa,aa,AA,AA,1
aa,Aa,AA,Aa,aa,AA,Aa,AA,AA,AA,1
AA,AA,AA,Aa,AA,AA,Aa,AA,AA,AA,1
aa,AA,AA,Aa,Aa,AA,aa,Aa,AA,AA,1
Aa,AA,AA,AA,AA,AA,Aa,aa,AA,AA,1
aa,Aa,AA,aa,AA,AA,Aa,aa,AA,AA,1
Aa,AA,AA,Aa,AA,AA,Aa,AA,AA,AA,1
Aa,AA,AA,AA,Aa,AA,Aa,AA,AA,AA,1
Aa,Aa,Aa,aa,AA,AA,Aa,AA,AA,AA,1
AA,AA,AA,aa,AA,AA,Aa,AA,AA,AA,1
Aa,AA,AA,Aa,Aa,Aa,aa,Aa,AA,AA,1
aa,Aa,Aa,AA,Aa,AA,Aa,aa,AA,AA,1
Aa,AA,AA,Aa,AA,Aa,Aa,aa,AA,AA,1
Aa,AA,AA,AA,Aa,AA,Aa,AA,AA,AA,1
AA,Aa,AA,Aa,AA,Aa,AA,Aa,AA,AA,1
aa,AA,AA,Aa,Aa,AA,AA,Aa,AA,AA,1
Aa,AA,AA,AA,AA,AA,Aa,AA,AA,AA,1
Aa,AA,AA,Aa,AA,AA,aa,Aa,AA,AA,1
aa,AA,AA,AA,AA,AA,Aa,AA,AA,AA,1
Aa,Aa,AA,Aa,Aa,Aa,aa,Aa,AA,AA,1
aa,AA,AA,AA,AA,AA,AA,Aa,AA,AA,1
Aa,AA,AA,AA,AA,AA,aa,Aa,AA,AA,1
AA,aa,AA,aa,AA,AA,Aa,AA,AA,AA,1
aa,Aa,Aa,aa,Aa,Aa,Aa,aa,AA,AA,1
Aa,AA,AA,aa,AA,AA,AA,Aa,AA,AA,1
aa,Aa,AA,AA,AA,AA,aa,Aa,AA,AA,1
AA,Aa,AA,AA,AA,AA,AA,Aa,AA,AA,1
aa,AA,AA,Aa,AA,AA,aa,Aa,AA,AA,1
AA,Aa,Aa,AA,Aa,AA,Aa,AA,AA,AA,1
AA,AA,Aa,AA,AA,AA,aa,Aa,AA,AA,1
AA,AA,AA,Aa,Aa,Aa,Aa,AA,AA,AA,1
AA,Aa,Aa,aa,AA,AA,aa,Aa,AA,AA,1
Aa,AA,AA,Aa,Aa,AA,Aa,AA,AA,AA,1
AA,Aa,AA,Aa,aa,AA,aa,Aa,AA,AA,1
AA,AA,AA,aa,AA,AA,Aa,aa,AA,AA,1
aa,AA,AA,aa,AA,AA,AA,Aa,AA,AA,1
aa,Aa,AA,aa,AA,AA,aa,Aa,AA,AA,1
aa,AA,AA,AA,Aa,Aa,Aa,AA,AA,AA,1
Aa,Aa,AA,aa,AA,AA,Aa,aa,AA,AA,1
Aa,Aa,Aa,aa,AA,AA,AA,Aa,AA,AA,1
aa,AA,AA,aa,AA,AA,Aa,AA,AA,AA,1
AA,AA,aa,Aa,Aa,AA,Aa,AA,AA,AA,1
AA,Aa,AA,Aa,AA,AA,Aa,AA,AA,AA,1
aa,AA,Aa,Aa,Aa,AA,aa,Aa,AA,AA,1
Aa,AA,AA,Aa,Aa,AA,AA,Aa,AA,AA,1
aa,AA,AA,aa,AA,AA,Aa,AA,AA,AA,1
aa,Aa,AA,Aa,Aa,AA,Aa,Aa,AA,AA,1
Aa,Aa,AA,Aa,AA,AA,AA,Aa,AA,AA,1
Aa,AA,AA,AA,Aa,AA,aa,Aa,AA,AA,1
AA,aa,Aa,Aa,AA,AA,Aa,Aa,AA,AA,1
Aa,Aa,AA,Aa,Aa,AA,aa,aa,AA,AA,1
Aa,aa,AA,Aa,AA,Aa,Aa,Aa,AA,AA,1
aa,Aa,AA,AA,Aa,AA,AA,Aa,AA,AA,1
aa,Aa,AA,Aa,AA,AA,Aa,AA,AA,AA,1
Aa,AA,AA,AA,Aa,AA,Aa,AA,AA,AA,1
Aa,AA,AA,Aa,AA,AA,Aa,AA,AA,AA,1
Aa,aa,AA,Aa,Aa,AA,aa,aa,AA,AA,1
Aa,AA,AA,aa,AA,AA,Aa,aa,AA,AA,1
Aa,AA,Aa,AA,Aa,AA,aa,Aa,AA,AA,1
Aa,AA,AA,aa,Aa,AA,AA,AA,AA,AA,1
Aa,Aa,AA,AA,AA,Aa,aa,AA,AA,AA,1
AA,AA,AA,AA,AA,AA,Aa,aa,AA,AA,1
Aa,AA,Aa,Aa,Aa,AA,Aa,Aa,AA,AA,1
aa,Aa,AA,AA,AA,AA,Aa,AA,AA,AA,1
aa,aa,Aa,Aa,Aa,AA,Aa,aa,AA,AA,1
AA,AA,AA,Aa,AA,AA,aa,Aa,AA,AA,1
Aa,AA,AA,Aa,AA,AA,AA,aa,AA,AA,1
AA,Aa,Aa,Aa,aa,Aa,Aa,Aa,AA,AA,1
Aa,AA,AA,Aa,AA,Aa,AA,AA,AA,AA,1
Aa,AA,Aa,Aa,Aa,Aa,aa,aa,AA,AA,1
aa,Aa,AA,Aa,Aa,Aa,Aa,aa,AA,AA,1
aa,AA,AA,aa,AA,aa,aa,Aa,AA,AA,1
Aa,AA,Aa,Aa,AA,Aa,aa,Aa,AA,AA,1
Aa,AA,AA,Aa,AA,Aa,Aa,AA,AA,AA,1
Aa,Aa,AA,AA,AA,AA,aa,aa,AA,AA,1
Aa,AA,AA,Aa,AA,AA,aa,Aa,AA,AA,1
Aa,AA,Aa,aa,AA,AA,Aa,AA,AA,AA,1
aa,AA,Aa,AA,Aa,AA,Aa,Aa,AA,AA,1
AA,AA,Aa,aa,AA,AA,aa,Aa,AA,AA,1
AA,Aa,AA,aa,AA,AA,Aa,aa,AA,AA,1
AA,AA,AA,Aa,AA,AA,Aa,AA,AA,AA,1
aa,aa,AA,aa,AA,AA,Aa,AA,AA,AA,1
AA,Aa,AA,AA,Aa,AA,Aa,aa,AA,AA,1
AA,AA,Aa,Aa,Aa,AA,AA,AA,AA,AA,1
Aa,aa,AA,aa,AA,AA,aa,AA,AA,AA,1
Aa,Aa,AA,Aa,Aa,AA,Aa,Aa,AA,AA,1
aa,AA,Aa,aa,AA,Aa,Aa,AA,AA,AA,1
AA,AA,AA,Aa,AA,AA,AA,Aa,AA,AA,1
Aa,AA,AA,Aa,Aa,AA,Aa,AA,AA,AA,1
AA,Aa,AA,Aa,Aa,AA,AA,AA,AA,AA,1
Aa,AA,AA,Aa,AA,Aa,Aa,aa,AA,AA,1
AA,Aa,Aa,Aa,Aa,AA,Aa,AA,AA,AA,1
Aa,Aa,AA,AA,Aa,AA,aa,aa,AA,AA,1
Aa,AA,AA,Aa,AA,AA,aa,AA,AA,AA,1
aa,AA,AA,Aa,Aa,AA,aa,Aa,AA,AA,1
Aa,AA,aa,aa,AA,AA,AA,Aa,AA,AA,1
AA,Aa,AA,Aa,Aa,Aa,AA,AA,AA,AA,1
aa,Aa,AA,Aa,Aa,Aa,Aa,AA,AA,AA,1
aa,AA,AA,Aa,AA,AA,aa,AA,AA,AA,1
AA,AA,AA,AA,Aa,AA,aa,Aa,AA,AA,1
Aa,AA,AA,aa,Aa,AA,Aa,AA,AA,AA,1
Aa,Aa,AA,aa,Aa,Aa,AA,Aa,AA,AA,1
Aa,AA,AA,Aa,AA,AA,aa,Aa,AA,AA,1
AA,AA,AA,Aa,Aa,AA,Aa,aa,AA,AA,1
aa,AA,AA,Aa,AA,AA,Aa,Aa,AA,AA,1
AA,AA,Aa,AA,Aa,AA,aa,AA,AA,AA,1
AA,Aa,Aa,Aa,AA,Aa,Aa,Aa,AA,AA,1
Aa,Aa,AA,Aa,AA,Aa,AA,aa,AA,AA,1
Aa,Aa,AA,Aa,Aa,AA,aa,aa,AA,AA,1
AA,AA,AA,Aa,AA,AA,AA,Aa,AA,AA,1
aa,AA,AA,Aa,AA,AA,AA,Aa,AA,AA,1
Aa,AA,AA,aa,AA,AA,Aa,Aa,AA,AA,1
aa,AA,AA,AA,AA,AA,Aa,aa,AA,AA,1
aa,AA,Aa,aa,AA,AA,Aa,aa,AA,AA,1
aa,AA,AA,Aa,AA,AA,Aa,AA,AA,AA,1
Aa,Aa,AA,Aa,AA,AA,Aa,Aa,AA,AA,1
Aa,Aa,AA,Aa,Aa,AA,Aa,aa,AA,AA,1
Aa,Aa,AA,AA,AA,AA,AA,aa,AA,AA,1
aa,AA,Aa,aa,AA,AA,Aa,Aa,AA,AA,1
aa,AA,Aa,aa,AA,Aa,aa,Aa,AA,AA,1
AA,Aa,AA,aa,aa,AA,Aa,Aa,AA,AA,1
AA,AA,AA,aa,AA,AA,Aa,Aa,AA,AA,1
AA,Aa,Aa,AA,Aa,AA,Aa,AA,AA,AA,1
AA,AA,AA,AA,AA,AA,Aa,Aa,AA,AA,1
aa,AA,AA,aa,Aa,AA,Aa,aa,AA,AA,1
AA,AA,AA,AA,AA,AA,AA,aa,AA,AA,1
AA,AA,AA,Aa,AA,AA,AA,AA,AA,AA,1
aa,Aa,AA,AA,AA,Aa,AA,Aa,AA,AA,1
AA,Aa,Aa,Aa,AA,AA,Aa,Aa,AA,AA,1
Aa,AA,AA,Aa,AA,AA,Aa,AA,AA,AA,1
Aa,AA,Aa,Aa,aa,AA,Aa,AA,AA,AA,1
aa,AA,AA,Aa,Aa,AA,aa,Aa,AA,AA,1
AA,Aa,AA,Aa,Aa,AA,Aa,aa,AA,AA,1
Aa,Aa,Aa,AA,Aa,aa,Aa,Aa,AA,AA,1
aa,Aa,AA,Aa,AA,AA,AA,aa,AA,AA,1
AA,AA,Aa,Aa,Aa,AA,AA,Aa,AA,AA,1
AA,Aa,AA,Aa,AA,AA,Aa,Aa,AA,AA,1
AA,Aa,AA,Aa,Aa,Aa,AA,Aa,AA,AA,1
aa,AA,AA,aa,aa,AA,AA,AA,AA,AA,1
AA,Aa,AA,Aa,Aa,Aa,aa,Aa,AA,AA,1
Aa,Aa,AA,Aa,Aa,AA,AA,Aa,AA,AA,1
aa,Aa,Aa,Aa,AA,AA,AA,Aa,AA,AA,1
Aa,AA,AA,Aa,AA,Aa,Aa,Aa,AA,AA,1
Aa,aa,AA,Aa,AA,AA,Aa,Aa,AA,AA,1
