X1,X2,X3,X4,X5,X6,X7,X8,X9,X10,X11,X12,X13,X14,C
 Aa, Aa, Aa, Aa, AA, Aa, Aa, aa, AA, AA, AA, aa, Aa, AA, 0
 Aa, aa, Aa, aa, Aa, AA, Aa, aa, Aa, Aa, AA, AA, AA, Aa, 0
 aa, aa, aa, aa, Aa, AA, Aa, aa, aa, Aa, Aa, AA, aa, Aa, 0
 Aa, aa, Aa, aa, AA, aa, AA, aa, Aa, AA, AA, Aa, Aa, Aa, 0
 Aa, aa, aa, Aa, AA, AA, AA, aa, Aa, aa, Aa, aa, Aa, aa, 0
 aa, aa, Aa, Aa, AA, AA, Aa, aa, aa, aa, Aa, aa, Aa, Aa, 0
 AA, aa, Aa, aa, AA, AA, Aa, aa, AA, AA, Aa, Aa, aa, aa, 0
 AA, Aa, aa, aa, AA, Aa, Aa, aa, Aa, Aa, AA, Aa, Aa, Aa, 0
 AA, aa, aa, aa, AA, Aa, Aa, aa, Aa, Aa, AA, Aa, Aa, aa, 0
 AA, aa, aa, aa, Aa, AA, Aa, aa, AA, AA, Aa, Aa, aa, Aa, 0
 Aa, aa, Aa, aa, Aa, AA, Aa, aa, aa, AA, Aa, aa, AA, AA, 0
 AA, aa, aa, aa, Aa, AA, Aa, aa, AA, AA, AA, Aa, AA, Aa, 0
 AA, aa, aa, aa, Aa, AA, Aa, Aa, Aa, Aa, Aa, Aa, AA, Aa, 0
 AA, Aa, aa, aa, AA, Aa, AA, aa, AA, AA, aa, Aa, Aa, Aa, 0
 AA, aa, aa, Aa, AA, aa, Aa, aa, aa, AA, AA, aa, Aa, Aa, 0
 aa, aa, Aa, Aa, AA, AA, Aa, aa, Aa, AA, Aa, AA, Aa, Aa, 0
 Aa, AA, Aa, aa, AA, AA, Aa, aa, aa, Aa, AA, aa, AA, AA, 0
 Aa, aa, aa, aa, AA, AA, AA, aa, aa, Aa, Aa, aa, aa, aa, 0
 AA, aa, aa, aa, AA, Aa, Aa, aa, Aa, AA, AA, Aa, aa, AA, 0
 Aa, aa, aa, aa, AA, AA, Aa, aa, AA, Aa, aa, AA, aa, Aa, 0
 AA, aa, aa, aa, Aa, Aa, Aa, aa, Aa, Aa, AA, AA, Aa, aa, 0
 AA, Aa, Aa, Aa, Aa, AA, Aa, aa, Aa, Aa, Aa, Aa, Aa, AA, 1
 Aa, Aa, Aa, Aa, Aa, AA, Aa, aa, Aa, AA, AA, AA, aa, Aa, 0
 AA, Aa, aa, aa, AA, Aa, Aa, aa, aa, Aa, Aa, Aa, Aa, Aa, 0
 AA, aa, aa, aa, Aa, Aa, AA, Aa, Aa, Aa, Aa, Aa, Aa, aa, 0
 Aa, aa, Aa, aa, AA, AA, Aa, aa, Aa, AA, aa, aa, Aa, Aa, 0
 AA, aa, aa, Aa, AA, AA, Aa, aa, AA, AA, AA, Aa, AA, AA, 0
 AA, aa, aa, Aa, AA, Aa, Aa, aa, aa, AA, Aa, Aa, aa, AA, 0
 Aa, aa, aa, aa, AA, AA, AA, aa, Aa, AA, Aa, AA, AA, Aa, 0
 AA, Aa, aa, aa, Aa, AA, AA, aa, Aa, AA, Aa, Aa, AA, aa, 0
 Aa, aa, aa, AA, AA, AA, Aa, aa, AA, Aa, AA, aa, aa, Aa, 0
 Aa, aa, aa, aa, AA, Aa, Aa, aa, aa, AA, Aa, aa, Aa, Aa, 0
 AA, aa, aa, Aa, Aa, AA, Aa, aa, Aa, aa, aa, aa, aa, aa, 0
 Aa, aa, aa, Aa, Aa, AA, Aa, aa, Aa, AA, Aa, Aa, Aa, aa, 0
 Aa, Aa, aa, aa, Aa, AA, Aa, Aa, Aa, Aa, AA, AA, Aa, Aa, 0
 AA, aa, aa, aa, AA, Aa, Aa, aa, aa, Aa, Aa, Aa, aa, aa, 0
 AA, aa, aa, Aa, AA, Aa, Aa, aa, Aa, Aa, Aa, Aa, aa, aa, 0
 Aa, Aa, aa, Aa, AA, AA, Aa, aa, Aa, Aa, Aa, Aa, AA, AA, 0
 AA, Aa, aa, aa, AA, Aa, Aa, Aa, aa, AA, AA, aa, AA, AA, 0
 AA, aa, aa, aa, AA, Aa, AA, aa, aa, Aa, aa, Aa, AA, Aa, 0
 Aa, AA, Aa, aa, AA, AA, Aa, aa, Aa, Aa, Aa, aa, Aa, AA, 0
 Aa, Aa, aa, aa, AA, AA, Aa, aa, aa, AA, aa, aa, Aa, Aa, 0
 Aa, Aa, aa, Aa, Aa, Aa, Aa, aa, Aa, AA, Aa, Aa, Aa, aa, 0
 AA, Aa, aa, aa, AA, Aa, AA, aa, Aa, Aa, aa, Aa, Aa, aa, 0
 Aa, aa, aa, Aa, AA, AA, Aa, aa, aa, Aa, Aa, aa, AA, aa, 0
 aa, Aa, Aa, Aa, AA, AA, Aa, aa, Aa, aa, Aa, Aa, Aa, aa, 0
 Aa, aa, Aa, aa, AA, AA, Aa, aa, aa, Aa, aa, Aa, Aa, aa, 0
 AA, aa, aa, aa, AA, AA, Aa, aa, Aa, Aa, aa, AA, Aa, Aa, 0
 AA, Aa, Aa, aa, AA, Aa, Aa, aa, Aa, Aa, Aa, aa, Aa, Aa, 0
 AA, Aa, aa, aa, AA, Aa, Aa, aa, Aa, AA, aa, Aa, AA, Aa, 0
 AA, Aa, aa, aa, AA, Aa, Aa, aa, aa, Aa, AA, Aa, aa, AA, 1
 Aa, Aa, Aa, aa, Aa, AA, AA, aa, aa, AA, aa, Aa, Aa, AA, 1
 AA, aa, Aa, aa, AA, AA, Aa, aa, AA, Aa, Aa, aa, Aa, AA, 0
 Aa, aa, Aa, aa, Aa, aa, Aa, aa, Aa, AA, Aa, AA, Aa, Aa, 1
 Aa, aa, aa, aa, Aa, AA, Aa, aa, Aa, AA, Aa, aa, aa, Aa, 0
 AA, aa, Aa, Aa, AA, AA, Aa, aa, Aa, AA, Aa, aa, Aa, Aa, 0
 AA, Aa, aa, aa, AA, AA, Aa, aa, Aa, Aa, aa, aa, Aa, aa, 0
 Aa, Aa, aa, AA, AA, aa, Aa, aa, Aa, AA, AA, AA, Aa, aa, 0
 AA, aa, aa, aa, Aa, AA, Aa, aa, AA, AA, Aa, AA, aa, Aa, 0
 AA, aa, aa, aa, AA, AA, Aa, aa, Aa, AA, Aa, aa, aa, aa, 0
 aa, aa, aa, aa, Aa, AA, AA, aa, Aa, AA, Aa, Aa, Aa, Aa, 0
 AA, aa, Aa, aa, AA, Aa, Aa, aa, Aa, Aa, aa, Aa, aa, Aa, 0
 AA, Aa, Aa, aa, Aa, AA, Aa, aa, Aa, Aa, Aa, Aa, AA, aa, 0
 AA, aa, aa, Aa, AA, AA, AA, aa, Aa, Aa, Aa, Aa, Aa, AA, 0
 Aa, aa, aa, aa, Aa, AA, Aa, aa, Aa, AA, aa, AA, Aa, Aa, 0
 AA, aa, aa, aa, AA, AA, Aa, aa, aa, AA, Aa, aa, aa, AA, 1
 AA, AA, Aa, Aa, AA, AA, AA, aa, Aa, Aa, Aa, AA, Aa, aa, 1
 Aa, aa, aa, aa, AA, Aa, AA, aa, aa, aa, Aa, Aa, aa, Aa, 0
 Aa, Aa, aa, Aa, AA, AA, Aa, aa, Aa, AA, Aa, Aa, Aa, Aa, 0
 AA, Aa, aa, Aa, AA, AA, Aa, aa, Aa, AA, Aa, Aa, Aa, Aa, 0
 AA, aa, Aa, Aa, AA, AA, Aa, aa, aa, AA, Aa, AA, aa, aa, 0
 AA, Aa, aa, aa, AA, AA, Aa, aa, aa, AA, AA, aa, Aa, aa, 0
 AA, aa, aa, aa, AA, AA, Aa, aa, aa, AA, aa, aa, AA, aa, 0
 Aa, Aa, aa, Aa, AA, aa, Aa, aa, Aa, AA, Aa, AA, aa, aa, 0
 AA, Aa, aa, aa, AA, AA, Aa, Aa, AA, AA, Aa, AA, aa, aa, 1
 Aa, Aa, Aa, aa, AA, Aa, Aa, aa, Aa, AA, AA, AA, AA, Aa, 0
 Aa, Aa, Aa, Aa, Aa, Aa, Aa, aa, aa, Aa, Aa, aa, aa, Aa, 0
 AA, Aa, aa, aa, AA, AA, Aa, aa, AA, AA, aa, aa, aa, Aa, 0
 AA, aa, aa, aa, AA, Aa, AA, aa, Aa, AA, aa, Aa, aa, AA, 0
 Aa, Aa, Aa, aa, AA, Aa, aa, aa, Aa, AA, aa, AA, AA, Aa, 0
 Aa, Aa, Aa, Aa, AA, Aa, Aa, aa, Aa, Aa, AA, AA, Aa, AA, 0
 Aa, Aa, Aa, Aa, AA, AA, Aa, aa, aa, AA, AA, aa, AA, Aa, 0
 aa, Aa, aa, aa, Aa, Aa, Aa, aa, Aa, aa, AA, Aa, Aa, AA, 0
 Aa, aa, aa, aa, AA, AA, Aa, aa, Aa, AA, Aa, AA, Aa, Aa, 1
 Aa, aa, Aa, aa, Aa, AA, Aa, aa, Aa, Aa, AA, Aa, Aa, aa, 0
 aa, aa, aa, aa, AA, Aa, Aa, aa, Aa, Aa, Aa, Aa, AA, Aa, 0
 Aa, aa, aa, aa, AA, Aa, Aa, aa, AA, Aa, AA, Aa, Aa, aa, 0
 AA, aa, aa, Aa, AA, Aa, AA, aa, Aa, Aa, AA, Aa, aa, aa, 0
 AA, aa, Aa, Aa, AA, Aa, Aa, aa, Aa, AA, Aa, aa, Aa, AA, 0
 Aa, aa, aa, aa, AA, Aa, Aa, Aa, Aa, Aa, Aa, aa, Aa, Aa, 0
 Aa, Aa, aa, aa, AA, Aa, Aa, Aa, aa, Aa, aa, aa, aa, aa, 0
 aa, Aa, AA, aa, Aa, AA, Aa, aa, Aa, Aa, AA, AA, Aa, Aa, 0
 Aa, aa, Aa, Aa, AA, AA, Aa, aa, Aa, Aa, Aa, aa, Aa, AA, 0
 AA, aa, aa, aa, AA, AA, Aa, aa, AA, AA, aa, Aa, AA, AA, 0
 Aa, Aa, aa, aa, AA, Aa, Aa, aa, aa, AA, AA, Aa, Aa, Aa, 0
 AA, aa, aa, aa, AA, AA, Aa, aa, Aa, AA, AA, Aa, Aa, AA, 0
 AA, Aa, aa, aa, AA, Aa, Aa, aa, Aa, AA, Aa, aa, Aa, AA, 0
 AA, aa, aa, Aa, AA, AA, Aa, aa, Aa, AA, AA, aa, Aa, aa, 0
 Aa, Aa, aa, aa, AA, AA, AA, aa, Aa, Aa, AA, AA, AA, aa, 0
 Aa, aa, aa, aa, AA, Aa, Aa, aa, AA, AA, Aa, aa, aa, Aa, 0
 Aa, aa, aa, aa, AA, Aa, AA, aa, Aa, Aa, Aa, AA, Aa, aa, 0
 AA, Aa, Aa, aa, AA, AA, Aa, aa, aa, AA, Aa, Aa, aa, Aa, 0
 AA, Aa, Aa, aa, Aa, Aa, Aa, aa, Aa, AA, AA, aa, AA, Aa, 0
 Aa, AA, aa, aa, AA, AA, Aa, aa, aa, AA, Aa, Aa, Aa, Aa, 0
 Aa, aa, aa, aa, AA, Aa, AA, aa, Aa, AA, Aa, aa, aa, Aa, 0
 Aa, aa, aa, aa, AA, Aa, Aa, aa, aa, Aa, aa, Aa, AA, Aa, 0
 AA, aa, Aa, aa, Aa, AA, Aa, aa, Aa, AA, AA, Aa, Aa, AA, 0
 AA, aa, aa, aa, AA, Aa, Aa, Aa, Aa, Aa, Aa, AA, Aa, Aa, 0
 AA, Aa, aa, aa, AA, Aa, Aa, aa, AA, Aa, aa, Aa, Aa, Aa, 0
 Aa, Aa, aa, aa, AA, AA, Aa, aa, AA, Aa, Aa, aa, aa, Aa, 0
 aa, aa, aa, aa, AA, AA, Aa, aa, AA, AA, aa, aa, Aa, Aa, 0
 aa, aa, aa, aa, AA, aa, Aa, aa, Aa, aa, Aa, Aa, aa, Aa, 0
 AA, aa, aa, aa, Aa, AA, AA, aa, aa, Aa, Aa, Aa, AA, aa, 0
 AA, aa, aa, aa, AA, Aa, Aa, aa, Aa, AA, AA, Aa, Aa, aa, 0
 Aa, AA, aa, aa, AA, AA, Aa, aa, AA, AA, AA, AA, Aa, AA, 0
 Aa, aa, Aa, aa, AA, AA, Aa, aa, aa, AA, Aa, Aa, Aa, Aa, 0
 Aa, aa, aa, Aa, Aa, AA, Aa, aa, Aa, Aa, Aa, AA, Aa, aa, 0
 AA, aa, aa, aa, AA, aa, Aa, Aa, aa, AA, Aa, Aa, Aa, aa, 0
 AA, aa, aa, aa, AA, AA, Aa, aa, Aa, Aa, aa, AA, Aa, Aa, 0
 AA, Aa, aa, aa, Aa, Aa, Aa, aa, Aa, Aa, Aa, Aa, AA, AA, 0
 AA, aa, aa, aa, AA, AA, Aa, aa, Aa, AA, aa, Aa, AA, Aa, 0
 AA, AA, aa, Aa, AA, AA, Aa, aa, Aa, Aa, aa, Aa, Aa, Aa, 0
 Aa, Aa, aa, Aa, Aa, Aa, Aa, aa, Aa, aa, aa, Aa, AA, aa, 0
 aa, Aa, Aa, aa, AA, AA, Aa, aa, Aa, AA, Aa, Aa, AA, aa, 0
 AA, aa, Aa, Aa, AA, Aa, Aa, aa, Aa, Aa, AA, AA, Aa, Aa, 0
 AA, Aa, aa, aa, Aa, AA, Aa, aa, Aa, aa, Aa, Aa, AA, Aa, 0
 aa, Aa, aa, Aa, AA, AA, Aa, aa, AA, Aa, aa, Aa, aa, Aa, 0
 Aa, aa, aa, aa, AA, aa, Aa, aa, Aa, AA, aa, AA, aa, Aa, 0
 AA, aa, aa, aa, AA, aa, Aa, aa, Aa, aa, aa, aa, Aa, AA, 0
 AA, aa, aa, aa, AA, aa, Aa, Aa, Aa, Aa, AA, Aa, aa, aa, 0
 Aa, Aa, aa, aa, AA, Aa, Aa, aa, AA, AA, Aa, Aa, aa, Aa, 0
 Aa, aa, aa, aa, AA, Aa, Aa, aa, AA, Aa, AA, AA, Aa, Aa, 0
 AA, aa, aa, aa, AA, AA, Aa, aa, AA, Aa, aa, Aa, Aa, AA, 1
 AA, aa, aa, aa, AA, Aa, Aa, Aa, Aa, Aa, Aa, aa, Aa, Aa, 0
 AA, AA, aa, Aa, AA, AA, Aa, aa, Aa, AA, Aa, Aa, AA, AA, 0
 aa, Aa, aa, aa, AA, AA, Aa, aa, aa, Aa, Aa, aa, Aa, aa, 0
 Aa, aa, aa, aa, AA, AA, Aa, aa, Aa, AA, AA, Aa, aa, AA, 0
 Aa, AA, Aa, aa, AA, AA, Aa, aa, Aa, AA, aa, Aa, Aa, aa, 0
 aa, aa, Aa, Aa, AA, AA, Aa, aa, Aa, Aa, AA, aa, AA, Aa, 0
 Aa, Aa, aa, aa, AA, aa, Aa, aa, AA, Aa, aa, aa, aa, aa, 0
 Aa, aa, aa, aa, AA, AA, Aa, aa, aa, Aa, aa, AA, Aa, aa, 0
 Aa, Aa, aa, aa, Aa, AA, Aa, aa, Aa, AA, aa, AA, Aa, aa, 0
 Aa, Aa, aa, aa, AA, Aa, Aa, aa, Aa, aa, Aa, Aa, Aa, Aa, 0
 Aa, Aa, aa, aa, AA, AA, Aa, aa, Aa, Aa, Aa, Aa, Aa, Aa, 0
 AA, Aa, Aa, aa, AA, AA, Aa, aa, Aa, AA, AA, Aa, Aa, Aa, 0
 AA, aa, aa, Aa, Aa, AA, Aa, aa, AA, AA, Aa, Aa, Aa, AA, 0
 Aa, aa, aa, aa, Aa, aa, Aa, aa, AA, AA, aa, Aa, aa, Aa, 0
 aa, aa, aa, Aa, AA, AA, Aa, aa, AA, Aa, Aa, Aa, Aa, Aa, 0
 Aa, aa, aa, Aa, Aa, Aa, Aa, aa, Aa, AA, AA, aa, Aa, Aa, 0
 Aa, aa, Aa, Aa, AA, Aa, Aa, Aa, Aa, AA, aa, Aa, Aa, Aa, 1
 Aa, aa, aa, Aa, AA, Aa, Aa, aa, Aa, AA, AA, Aa, Aa, aa, 0
 AA, aa, aa, Aa, AA, AA, Aa, aa, AA, Aa, Aa, aa, Aa, Aa, 0
 Aa, aa, aa, Aa, AA, Aa, Aa, aa, aa, Aa, Aa, AA, Aa, Aa, 0
 AA, aa, aa, aa, AA, AA, Aa, aa, Aa, Aa, Aa, Aa, Aa, Aa, 0
 Aa, aa, aa, aa, AA, AA, Aa, aa, Aa, AA, Aa, Aa, AA, aa, 0
 Aa, Aa, aa, aa, Aa, Aa, Aa, aa, Aa, Aa, aa, Aa, Aa, Aa, 0
 Aa, aa, aa, aa, aa, Aa, Aa, aa, Aa, AA, aa, Aa, aa, Aa, 0
 AA, aa, aa, AA, AA, AA, Aa, aa, Aa, AA, Aa, Aa, AA, Aa, 0
 Aa, aa, aa, aa, AA, AA, Aa, aa, Aa, AA, Aa, AA, Aa, aa, 0
 AA, aa, aa, Aa, Aa, Aa, AA, aa, AA, AA, Aa, Aa, Aa, Aa, 0
 Aa, aa, aa, aa, AA, Aa, Aa, aa, Aa, Aa, AA, AA, aa, aa, 0
 Aa, aa, aa, aa, Aa, AA, Aa, aa, aa, AA, aa, Aa, Aa, aa, 1
 AA, aa, aa, aa, Aa, AA, Aa, aa, AA, Aa, Aa, AA, AA, AA, 0
 aa, aa, aa, aa, AA, Aa, Aa, aa, AA, AA, Aa, Aa, Aa, Aa, 0
 AA, aa, aa, Aa, Aa, AA, Aa, aa, AA, AA, AA, AA, Aa, Aa, 0
 AA, Aa, aa, aa, AA, AA, Aa, aa, Aa, aa, Aa, Aa, aa, aa, 0
 aa, aa, aa, aa, AA, AA, Aa, aa, AA, AA, Aa, aa, Aa, Aa, 0
 AA, aa, aa, aa, Aa, AA, Aa, aa, aa, Aa, Aa, AA, Aa, aa, 0
 AA, aa, Aa, aa, AA, Aa, Aa, aa, aa, AA, aa, Aa, aa, Aa, 0
 Aa, aa, aa, aa, Aa, AA, Aa, aa, AA, AA, Aa, AA, Aa, aa, 0
 Aa, aa, Aa, aa, AA, Aa, Aa, aa, aa, AA, Aa, Aa, Aa, AA, 0
 Aa, aa, aa, Aa, AA, AA, Aa, aa, aa, aa, AA, aa, AA, AA, 0
 AA, aa, aa, Aa, AA, Aa, Aa, aa, aa, AA, aa, aa, AA, Aa, 0
 aa, aa, aa, aa, AA, AA, Aa, Aa, Aa, AA, Aa, Aa, Aa, Aa, 0
 aa, Aa, AA, Aa, Aa, aa, Aa, aa, Aa, AA, AA, Aa, Aa, Aa, 0
 Aa, aa, aa, Aa, AA, Aa, Aa, aa, Aa, Aa, AA, Aa, Aa, AA, 0
 AA, aa, aa, Aa, AA, Aa, Aa, aa, Aa, AA, Aa, AA, aa, aa, 0
 Aa, Aa, aa, Aa, AA, AA, Aa, aa, Aa, Aa, aa, Aa, Aa, aa, 0
 AA, Aa, aa, Aa, AA, Aa, Aa, aa, aa, AA, Aa, Aa, AA, Aa, 0
 AA, aa, aa, aa, Aa, AA, Aa, aa, Aa, AA, aa, Aa, aa, Aa, 0
 AA, aa, aa, Aa, AA, Aa, Aa, aa, AA, AA, Aa, Aa, Aa, Aa, 0
 AA, aa, Aa, aa, Aa, AA, Aa, aa, Aa, AA, aa, Aa, Aa, aa, 1
 AA, aa, Aa, AA, AA, Aa, Aa, aa, AA, Aa, Aa, Aa, AA, aa, 0
 Aa, Aa, aa, aa, Aa, AA, Aa, aa, Aa, Aa, aa, AA, Aa, Aa, 0
 Aa, aa, aa, aa, Aa, Aa, Aa, aa, Aa, Aa, aa, Aa, Aa, aa, 0
 AA, aa, Aa, Aa, Aa, Aa, AA, aa, Aa, aa, AA, Aa, AA, aa, 0
 aa, aa, Aa, AA, AA, AA, Aa, aa, Aa, AA, Aa, AA, Aa, aa, 0
 AA, Aa, aa, aa, AA, Aa, Aa, aa, Aa, AA, Aa, Aa, Aa, Aa, 0
 AA, Aa, aa, Aa, Aa, AA, Aa, Aa, aa, AA, Aa, Aa, AA, Aa, 0
 AA, aa, aa, aa, AA, Aa, Aa, aa, Aa, AA, aa, AA, AA, Aa, 0
 Aa, aa, aa, aa, Aa, AA, Aa, aa, AA, Aa, AA, AA, AA, Aa, 0
 Aa, aa, aa, aa, AA, Aa, Aa, aa, Aa, AA, Aa, AA, aa, aa, 0
 AA, Aa, aa, Aa, AA, AA, AA, aa, AA, AA, Aa, AA, AA, Aa, 0
 AA, aa, aa, aa, AA, AA, Aa, aa, AA, Aa, Aa, AA, AA, Aa, 0
 Aa, AA, aa, Aa, AA, AA, AA, aa, AA, AA, Aa, Aa, Aa, aa, 1
 AA, Aa, aa, aa, AA, Aa, Aa, aa, Aa, aa, Aa, Aa, Aa, Aa, 0
 Aa, aa, aa, aa, AA, Aa, Aa, aa, aa, Aa, Aa, AA, aa, aa, 0
 Aa, Aa, aa, aa, AA, AA, Aa, aa, aa, Aa, Aa, Aa, Aa, Aa, 0
 aa, Aa, aa, Aa, AA, AA, Aa, aa, Aa, AA, Aa, AA, aa, AA, 0
 AA, aa, aa, aa, Aa, Aa, Aa, aa, aa, AA, aa, aa, Aa, aa, 0
 Aa, Aa, aa, Aa, AA, AA, Aa, aa, Aa, AA, AA, aa, AA, AA, 0
 Aa, aa, aa, aa, Aa, Aa, Aa, aa, Aa, AA, aa, AA, Aa, AA, 0
 AA, Aa, Aa, aa, Aa, Aa, Aa, aa, Aa, AA, Aa, AA, Aa, AA, 0
 AA, Aa, aa, aa, AA, AA, Aa, aa, AA, Aa, aa, aa, Aa, AA, 0
 Aa, aa, aa, aa, AA, AA, Aa, aa, AA, AA, Aa, Aa, Aa, AA, 0
 Aa, aa, Aa, aa, AA, AA, AA, aa, Aa, Aa, aa, AA, AA, aa, 0
 AA, aa, Aa, aa, AA, Aa, Aa, aa, AA, AA, Aa, Aa, aa, aa, 0
 AA, aa, aa, aa, Aa, Aa, Aa, aa, Aa, AA, Aa, Aa, aa, Aa, 0
 Aa, aa, aa, aa, AA, Aa, Aa, aa, AA, AA, aa, AA, Aa, Aa, 0
 AA, aa, aa, aa, Aa, AA, Aa, aa, AA, AA, Aa, AA, Aa, aa, 0
 AA, aa, aa, Aa, AA, AA, Aa, aa, AA, AA, AA, Aa, aa, aa, 0
 Aa, aa, Aa, aa, AA, Aa, Aa, aa, Aa, Aa, AA, AA, AA, Aa, 0
 Aa, aa, aa, AA, Aa, Aa, Aa, aa, Aa, AA, Aa, Aa, Aa, Aa, 0
 Aa, aa, aa, aa, AA, Aa, Aa, aa, AA, AA, Aa,Aa,Aa,AA,1
 Aa, aa, aa, aa, Aa, AA, AA, aa, AA, AA, aa,Aa,Aa,aa,1
 AA, aa, aa, Aa, AA, Aa, Aa, aa, Aa, Aa, Aa,aa,aa,Aa,1
 Aa, aa, Aa, Aa, Aa, AA, Aa, aa, Aa, Aa, AA,Aa,Aa,AA,1
 Aa, Aa, aa, aa, Aa, AA, Aa, aa, Aa, Aa, AA,AA,aa,Aa,1
 AA, aa, aa, aa, AA, AA, Aa, aa, Aa, Aa, Aa,Aa,AA,Aa,1
 AA, Aa, Aa, Aa, AA, Aa, Aa, aa, Aa, aa, aa,aa,aa,Aa,1
 Aa, Aa, aa, aa, AA, Aa, Aa, aa, Aa, AA, aa,Aa,AA,Aa,1
 Aa, Aa, Aa, aa, AA, AA, Aa, aa, Aa, Aa, Aa,AA,Aa,Aa,1
 Aa, aa, aa, aa, Aa, AA, Aa, aa, Aa, Aa, Aa,AA,Aa,Aa,1
 Aa, Aa, aa, aa, Aa, AA, Aa, aa, AA, Aa, Aa,Aa,Aa,aa,1
 Aa, Aa, aa, aa, AA, AA, Aa, aa, Aa, AA, Aa,AA,Aa,AA,1
 AA, aa, aa, aa, AA, AA, Aa, aa, Aa, Aa, Aa,aa,Aa,aa,1
 Aa, Aa, aa, Aa, Aa, AA, Aa, aa, aa, AA, Aa,AA,Aa,aa,1
 Aa, Aa, aa, aa, AA, AA, Aa, Aa, AA, Aa, Aa,Aa,aa,Aa,1
 Aa, aa, aa, aa, AA, Aa, Aa, aa, Aa, AA, aa,Aa,Aa,Aa,1
 AA, AA, Aa, aa, AA, AA, Aa, aa, Aa, AA, Aa,AA,AA,Aa,1
 Aa, Aa, Aa, aa, AA, Aa, AA, aa, Aa, Aa, aa,Aa,Aa,aa,1
 Aa, aa, Aa, Aa, AA, Aa, Aa, aa, Aa, AA, Aa,aa,Aa,aa,1
 AA, aa, aa, Aa, Aa, AA, Aa, aa, aa, Aa, AA,Aa,aa,Aa,1
 AA, aa, Aa, aa, AA, AA, Aa, aa, Aa, AA, aa,Aa,Aa,aa,1
 AA, aa, aa, Aa, AA, AA, Aa, aa, AA, aa, aa,aa,AA,Aa,1
 Aa, Aa, aa, aa, Aa, AA, Aa, aa, Aa, Aa, Aa,aa,AA,Aa,1
 Aa, aa, aa, aa, AA, AA, Aa, aa, Aa, AA, aa,AA,AA,Aa,1
 AA, Aa, aa, aa, AA, Aa, Aa, aa, Aa, Aa, aa,Aa,AA,Aa,1
 Aa, aa, aa, aa, Aa, Aa, AA, aa, aa, AA, aa,Aa,Aa,aa,1
 Aa, aa, Aa, Aa, Aa, AA, Aa, aa, aa, AA, Aa,AA,Aa,Aa,1
 AA, aa, Aa, aa, Aa, aa, AA, aa, Aa, Aa, aa,Aa,Aa,Aa,1
 Aa, aa, aa, Aa, AA, AA, Aa, aa, aa, aa, Aa,aa,aa,Aa,1
 Aa, AA, aa, Aa, AA, aa, Aa, aa, Aa, AA, aa,Aa,Aa,Aa,1
 AA, aa, aa, aa, AA, Aa, Aa, aa, AA, AA, aa,Aa,AA,Aa,1
 aa, AA, aa, AA, AA, AA, Aa, Aa, Aa, Aa, aa,Aa,Aa,aa,1
 Aa, aa, aa, aa, AA, AA, Aa, Aa, Aa, Aa, Aa,aa,aa,Aa,1
 aa, aa, aa, Aa, AA, Aa, Aa, aa, aa, AA, AA,Aa,Aa,aa,1
 AA, Aa, aa, aa, AA, Aa, Aa, aa, aa, Aa, AA,Aa,Aa,Aa,1
 aa, aa, Aa, aa, AA, AA, Aa, aa, AA, Aa, aa,Aa,AA,Aa,1
 AA, Aa, Aa, aa, AA, Aa, AA, aa, aa, AA, Aa,Aa,aa,Aa,1
 AA, Aa, aa, aa, Aa, Aa, Aa, aa, Aa, Aa, Aa,aa,Aa,aa,1
 AA, aa, aa, Aa, aa, AA, AA, aa, Aa, Aa, aa,Aa,aa,Aa,1
 Aa, aa, aa, aa, AA, AA, Aa, aa, Aa, Aa, Aa,AA,Aa,aa,1
 AA, AA, aa, aa, aa, AA, AA, aa, Aa, Aa, aa,Aa,Aa,AA,1
 Aa, aa, aa, Aa, Aa, aa, Aa, aa, Aa, Aa, aa,Aa,aa,aa,1
 Aa, Aa, aa, Aa, Aa, AA, Aa, aa, AA, AA, AA,Aa,Aa,AA,1
 AA, aa, AA, aa, AA, Aa, Aa, aa, Aa, AA, Aa,aa,Aa,Aa,1
 AA, aa, aa, aa, AA, AA, Aa, aa, Aa, Aa, Aa,aa,Aa,Aa,1
 aa, aa, aa, aa, AA, Aa, Aa, aa, Aa, Aa, Aa,aa,Aa,aa,1
 AA, aa, aa, Aa, Aa, Aa, Aa, aa, Aa, Aa, Aa,AA,AA,aa,1
 aa, aa, aa, aa, Aa, AA, Aa, aa, aa, AA, Aa,aa,AA,Aa,1
 AA, aa, aa, AA, AA, aa, AA, aa, AA, Aa, AA,Aa,aa,Aa,1
 AA, aa, aa, aa, AA, AA, Aa, aa, Aa, AA, Aa,aa,Aa,aa,1
 AA, Aa, aa, aa, AA, AA, Aa, aa, aa, Aa, Aa,Aa,aa,Aa,1
 Aa, Aa, Aa, aa, AA, Aa, Aa, aa, AA, AA, AA,Aa,Aa,aa,1
 AA, aa, Aa, aa, AA, AA, Aa, Aa, Aa, AA, Aa,aa,aa,AA,1
 Aa, Aa, aa, Aa, Aa, Aa, Aa, aa, Aa, Aa, Aa,aa,Aa,AA,1
 AA, aa, Aa, aa, AA, Aa, AA, aa, aa, Aa, aa,Aa,AA,Aa,1
 AA, Aa, aa, Aa, Aa, Aa, Aa, aa, Aa, AA, Aa,Aa,Aa,AA,1
 Aa, aa, aa, aa, AA, aa, Aa, aa, Aa, Aa, Aa,Aa,aa,Aa,1
 Aa, aa, Aa, aa, AA, Aa, Aa, Aa, Aa, Aa, Aa,aa,AA,Aa,1
 Aa, Aa, aa, aa, AA, Aa, Aa, aa, Aa, AA, Aa,AA,Aa,aa,1
 AA, aa, aa, Aa, AA, AA, Aa, aa, Aa, Aa, Aa,aa,Aa,Aa,1
 AA, aa, aa, aa, AA, AA, AA, aa, Aa, Aa, aa,Aa,aa,AA,1
 AA, Aa, aa, Aa, AA, Aa, Aa, aa, aa, AA, Aa,AA,Aa,Aa,1
 Aa, aa, Aa, Aa, AA, AA, Aa, aa, aa, AA, aa,Aa,Aa,Aa,1
 aa, Aa, aa, Aa, AA, AA, Aa, aa, aa, Aa, aa,Aa,aa,aa,1
 Aa, Aa, Aa, aa, Aa, Aa, AA, aa, aa, AA, Aa,aa,Aa,Aa,1
 AA, aa, aa, aa, aa, AA, Aa, aa, Aa, AA, aa,Aa,AA,aa,1
 aa, aa, Aa, aa, AA, Aa, Aa, aa, AA, AA, AA,Aa,AA,Aa,1
 Aa, Aa, aa, Aa, AA, AA, Aa, aa, Aa, AA, aa,Aa,Aa,aa,1
 AA, aa, aa, aa, AA, AA, Aa, aa, Aa, AA, Aa,aa,Aa,AA,1
 AA, aa, aa, aa, AA, AA, Aa, aa, Aa, Aa, AA,aa,Aa,aa,1
 AA, aa, aa, Aa, AA, Aa, Aa, aa, AA, Aa, Aa,Aa,Aa,aa,1
 AA, aa, aa, Aa, AA, Aa, Aa, aa, AA, aa, Aa,Aa,AA,Aa,1
 Aa, aa, Aa, aa, AA, AA, Aa, aa, AA, AA, Aa,AA,AA,Aa,1
 AA, aa, aa, Aa, AA, aa, Aa, aa, Aa, Aa, Aa,aa,Aa,aa,1
 AA, Aa, aa, Aa, AA, Aa, Aa, aa, Aa, AA, Aa,Aa,Aa,AA,1
 AA, Aa, Aa, aa, AA, AA, Aa, aa, Aa, Aa, AA,AA,aa,Aa,1
 aa, aa, aa, aa, AA, AA, AA, aa, AA, AA, Aa,AA,Aa,AA,1
 AA, Aa, aa, Aa, AA, Aa, Aa, aa, aa, AA, AA,Aa,Aa,aa,1
 aa, aa, Aa, aa, AA, Aa, Aa, aa, AA, Aa, aa,Aa,AA,Aa,1
 AA, aa, aa, aa, AA, AA, Aa, aa, Aa, Aa, AA,Aa,Aa,Aa,1
 AA, aa, aa, aa, Aa, AA, Aa, aa, aa, AA, Aa,Aa,aa,Aa,1
 Aa, aa, Aa, aa, AA, Aa, Aa, aa, Aa, Aa, aa,Aa,Aa,AA,1
 AA, Aa, aa, Aa, Aa, AA, Aa, Aa, AA, AA, Aa,aa,aa,aa,1
 Aa, aa, Aa, Aa, AA, aa, Aa, aa, Aa, AA, AA,AA,Aa,aa,1
 AA, aa, aa, Aa, AA, Aa, Aa, aa, AA, AA, Aa,AA,aa,AA,1
 Aa, Aa, aa, Aa, AA, AA, Aa, aa, Aa, AA, Aa,AA,Aa,Aa,1
 aa, aa, aa, Aa, AA, AA, Aa, aa, Aa, AA, aa,aa,aa,Aa,1
 AA, aa, aa, aa, AA, AA, Aa, aa, aa, AA, Aa,Aa,AA,aa,1
 Aa, aa, aa, aa, AA, Aa, Aa, aa, Aa, AA, AA,AA,AA,aa,1
 Aa, aa, Aa, aa, AA, AA, AA, aa, aa, Aa, AA,AA,AA,AA,1
 Aa, AA, Aa, aa, AA, AA, Aa, aa, AA, AA, aa,aa,AA,AA,1
 Aa, aa, aa, aa, Aa, AA, Aa, aa, Aa, AA, Aa,Aa,Aa,Aa,1
 AA, Aa, Aa, aa, AA, AA, Aa, aa, Aa, AA, aa,aa,Aa,Aa,1
 AA, aa, aa, AA, AA, Aa, Aa, aa, Aa, AA, Aa,Aa,Aa,Aa,1
 AA, aa, Aa, Aa, Aa, AA, Aa, aa, Aa, Aa, Aa,Aa,AA,aa,1
 AA, aa, Aa, aa, AA, Aa, Aa, aa, Aa, AA, AA,AA,AA,aa,1
 AA, aa, aa, Aa, AA, AA, Aa, aa, aa, Aa, Aa,Aa,aa,aa,1
 Aa, aa, aa, aa, AA, AA, Aa, aa, AA, AA, Aa,Aa,Aa,Aa,1
 Aa, aa, aa, Aa, Aa, AA, Aa, Aa, Aa, AA, Aa,Aa,aa,aa,1
 Aa, aa, Aa, Aa, AA, AA, Aa, aa, Aa, Aa, Aa,Aa,Aa,Aa,1
 Aa, aa, aa, aa, Aa, AA, Aa, aa, Aa, Aa, Aa,Aa,AA,AA,1
 AA, aa, aa, aa, AA, AA, AA, aa, aa, aa, Aa,Aa,aa,AA,1
 Aa, AA, Aa, Aa, AA, AA, AA, aa, Aa, AA, Aa,Aa,AA,aa,1
 AA, AA, aa, Aa, AA, AA, Aa, aa, AA, AA, Aa,Aa,Aa,Aa,1
 aa, Aa, aa, Aa, Aa, Aa, Aa, aa, Aa, AA, aa,AA,AA,aa,1
 AA, aa, aa, Aa, AA, Aa, Aa, aa, Aa, AA, Aa,Aa,AA,aa,1
 aa, Aa, aa, aa, Aa, Aa, Aa, aa, Aa, AA, aa,aa,AA,aa,1
 aa, aa, aa, Aa, AA, AA, Aa, aa, AA, AA, Aa,Aa,AA,AA,1
 AA, aa, Aa, aa, AA, Aa, Aa, aa, Aa, Aa, AA,AA,AA,AA,1
 AA, aa, aa, Aa, Aa, AA, Aa, aa, Aa, Aa, aa,AA,Aa,Aa,1
 Aa, aa, aa, AA, Aa, AA, Aa, aa, aa, aa, Aa,Aa,aa,aa,1
 Aa, aa, Aa, aa, Aa, AA, Aa, aa, AA, Aa, AA,AA,Aa,Aa,1
 AA, Aa, aa, Aa, AA, Aa, Aa, aa, Aa, AA, aa,AA,Aa,Aa,1
 Aa, Aa, Aa, aa, AA, AA, Aa, aa, AA, AA, Aa,Aa,Aa,Aa,1
 Aa, Aa, Aa, aa, Aa, Aa, Aa, aa, AA, AA, Aa,Aa,Aa,Aa,1
 Aa, Aa, Aa, Aa, AA, Aa, AA, Aa, AA, Aa, Aa,Aa,AA,AA,1
 Aa, aa, aa, Aa, AA, Aa, Aa, aa, Aa, Aa, Aa,Aa,Aa,Aa,1
 Aa, aa, aa, aa, AA, AA, Aa, aa, Aa, AA, AA,aa,Aa,Aa,1
 Aa, aa, Aa, aa, AA, Aa, Aa, aa, aa, Aa, Aa,Aa,AA,aa,1
 AA, aa, aa, aa, AA, AA, Aa, aa, AA, AA, aa,AA,Aa,Aa,1
 Aa, Aa, aa, aa, Aa, AA, Aa, Aa, Aa, aa, Aa,Aa,Aa,Aa,1
 AA, aa, aa, aa, Aa, AA, Aa, aa, aa, AA, Aa,Aa,Aa,Aa,1
 Aa, aa, aa, aa, Aa, AA, AA, aa, Aa, AA, aa,AA,AA,aa,1
 Aa, aa, Aa, aa, Aa, AA, Aa, aa, Aa, AA, Aa,Aa,Aa,Aa,1
 AA, Aa, aa, aa, Aa, AA, Aa, aa, AA, AA, Aa,Aa,Aa,Aa,1
 AA, aa, aa, Aa, Aa, Aa, Aa, aa, AA, AA, aa,AA,aa,aa,1
 Aa, aa, aa, aa, AA, aa, Aa, aa, Aa, Aa, aa,AA,aa,aa,1
 Aa, aa, aa, aa, AA, AA, Aa, aa, Aa, AA, Aa,Aa,AA,aa,1
 Aa, aa, Aa, aa, AA, AA, Aa, Aa, aa, AA, Aa,Aa,Aa,Aa,1
 Aa, aa, aa, aa, Aa, AA, Aa, aa, aa, AA, Aa,Aa,AA,aa,1
 Aa, aa, aa, Aa, Aa, AA, Aa, aa, AA, AA, AA,aa,Aa,Aa,1
 Aa, aa, aa, Aa, AA, Aa, Aa, aa, aa, AA, AA,AA,Aa,Aa,1
 Aa, aa, aa, Aa, Aa, Aa, Aa, aa, Aa, AA, AA,AA,aa,AA,1
 AA, Aa, Aa, Aa, Aa, aa, AA, aa, aa, Aa, Aa,Aa,Aa,Aa,1
 Aa, Aa, aa, Aa, AA, AA, Aa, aa, Aa, AA, Aa,Aa,Aa,Aa,1
 Aa, Aa, aa, aa, AA, Aa, Aa, aa, aa, Aa, Aa,Aa,AA,aa,1
 Aa, Aa, Aa, aa, AA, AA, Aa, aa, AA, Aa, Aa,Aa,Aa,Aa,1
 Aa, Aa, Aa, Aa, AA, Aa, AA, aa, Aa, AA, Aa,Aa,aa,AA,1
 AA, aa, aa, aa, AA, AA, AA, aa, Aa, AA, Aa,Aa,AA,AA,1
 AA, aa, Aa, AA, AA, Aa, Aa, aa, Aa, AA, aa,aa,AA,aa,1
 Aa, aa, aa, Aa, AA, AA, AA, aa, Aa, Aa, AA,aa,AA,aa,1
 AA, aa, aa, aa, Aa, AA, Aa, aa, Aa, AA, aa,aa,Aa,Aa,1
 AA, Aa, aa, Aa, AA, Aa, AA, aa, aa, AA, Aa,Aa,Aa,Aa,1
 aa, AA, aa, aa, AA, AA, Aa, aa, aa, Aa, AA,aa,AA,aa,1
 AA, aa, aa, aa, Aa, AA, Aa, aa, aa, aa, aa,AA,AA,aa,1
 Aa, Aa, Aa, aa, AA, Aa, Aa, Aa, aa, Aa, aa,aa,aa,AA,1
 AA, aa, Aa, aa, AA, Aa, AA, aa, Aa, AA, AA,AA,aa,AA,1
 Aa, Aa, Aa, aa, AA, aa, Aa, aa, aa, aa, Aa,Aa,Aa,Aa,1
 AA, aa, Aa, aa, AA, Aa, Aa, aa, aa, Aa, aa,aa,Aa,Aa,1
 AA, Aa, aa, AA, AA, Aa, Aa, aa, AA, AA, AA,AA,aa,AA,1
 Aa, Aa, Aa, Aa, AA, Aa, Aa, aa, Aa, Aa, aa,aa,Aa,Aa,1
 Aa, Aa, aa, aa, Aa, AA, Aa, aa, Aa, aa, Aa,Aa,Aa,Aa,1
 AA, AA, aa, aa, AA, aa, Aa, aa, Aa, AA, AA,aa,AA,AA,1
 Aa, aa, aa, aa, Aa, AA, AA, aa, AA, AA, AA,aa,AA,aa,1
 Aa, Aa, Aa, aa, AA, Aa, Aa, aa, Aa, Aa, Aa,Aa,aa,aa,1
 AA, aa, aa, aa, AA, AA, Aa, aa, aa, AA, Aa,Aa,aa,AA,1
 AA, aa, Aa, aa, Aa, Aa, Aa, aa, Aa, AA, aa,AA,Aa,Aa,1
 AA, aa, aa, Aa, Aa, aa, Aa, aa, Aa, AA, AA,aa,Aa,Aa,1
 aa, aa, Aa, aa, AA, Aa, Aa, aa, Aa, AA, AA,AA,aa,AA,1
 AA, aa, Aa, aa, AA, AA, Aa, aa, Aa, Aa, Aa,Aa,aa,aa,1
 Aa, Aa, Aa, aa, Aa, Aa, Aa, aa, Aa, AA, Aa,Aa,AA,aa,1
 AA, Aa, Aa, aa, AA, AA, Aa, aa, AA, AA, AA,aa,Aa,Aa,1
 aa, aa, aa, aa, AA, Aa, Aa, aa, aa, AA, Aa,Aa,Aa,Aa,1
 AA, AA, aa, Aa, AA, AA, AA, aa, AA, AA, Aa,Aa,aa,AA,1
 AA, aa, aa, aa, AA, AA, Aa, aa, Aa, Aa, AA,AA,Aa,Aa,1
 Aa, aa, aa, aa, AA, Aa, Aa, aa, Aa, Aa, Aa,Aa,Aa,Aa,1
 Aa, aa, aa, aa, Aa, AA, Aa, aa, Aa, Aa, AA,AA,AA,AA,1
 AA, aa, aa, aa, aa, AA, AA, aa, Aa, AA, aa,AA,Aa,Aa,1
 AA, aa, aa, Aa, Aa, Aa, Aa, aa, AA, Aa, Aa,Aa,Aa,Aa,1
 Aa, aa, aa, aa, Aa, AA, AA, aa, Aa, AA, AA,aa,Aa,Aa,1
 Aa, aa, aa, Aa, AA, AA, Aa, aa, Aa, AA, AA,aa,aa,AA,1
 AA, aa, aa, aa, AA, Aa, Aa, aa, Aa, AA, AA,aa,AA,AA,1
 AA, Aa, aa, Aa, AA, AA, Aa, aa, aa, AA, AA,AA,Aa,Aa,1
 AA, AA, aa, aa, AA, AA, Aa, aa, aa, AA, Aa,Aa,Aa,Aa,1
 Aa, Aa, aa, Aa, Aa, Aa, Aa, aa, Aa, AA, aa,aa,Aa,Aa,1
 Aa, aa, aa, Aa, AA, AA, AA, aa, Aa, Aa, aa,AA,AA,aa,1
 Aa, Aa, aa, aa, AA, AA, Aa, aa, Aa, Aa, aa,AA,Aa,Aa,1
 AA, Aa, aa, aa, Aa, AA, Aa, aa, aa, AA, aa,AA,Aa,Aa,1
 AA, Aa, aa, aa, AA, Aa, Aa, aa, AA, Aa, Aa,Aa,Aa,Aa,1
 Aa, Aa, aa, aa, Aa, AA, Aa, aa, Aa, AA, Aa,Aa,Aa,Aa,1
 AA, Aa, aa, Aa, Aa, AA, AA, aa, Aa, Aa, AA,aa,Aa,Aa,1
 AA, aa, aa, aa, Aa, AA, Aa, aa, Aa, AA, Aa,Aa,aa,aa,1
 AA, Aa, Aa, Aa, AA, AA, Aa, aa, Aa, AA, AA,AA,Aa,Aa,1
 Aa, aa, aa, aa, AA, AA, Aa, aa, Aa, AA, AA,aa,AA,AA,1
 AA, aa, Aa, aa, AA, AA, Aa, aa, Aa, AA, aa,AA,AA,aa,1
 Aa, Aa, aa, Aa, AA, Aa, Aa, aa, AA, AA, AA,aa,Aa,Aa,1
 Aa, aa, aa, aa, AA, Aa, Aa, aa, AA, AA, AA,aa,Aa,Aa,1
